(/component/content/category/18?layout=blog&format=feed&type=rss, /index.php?option=com_content&view=category&layout=blog&id=18)==>/component/content/category/18?layout=blog&format=feed&type=rss;1;1,239820;33,58025
/component/content/category/18?layout=blog&format=feed&type=rss==>/component/content/category/18?layout=blog&format=feed&type=rss;1;1,504194;28,77907
/index.php?option=com_content&view=article&id=180&Itemid=53==>/prijimaciekonanie/podmienky-prijatia/178;1;1,470767;75,74335
/index.php?option=com_content&view=category&layout=blog&id=18==>/component/content/category/18?layout=blog&format=feed&type=rss;1;2,227422;48,57522
/o-univerzite==>/struktura-univerzity;1;1,063571;29,51096
/prijimaciekonanie==>/prijimaciekonanie;1;1,212471;8,63636
/prijimaciekonanie==>/prijimaciekonanie/moznosti-vs-studia;1;3,236295;23,05195
/prijimaciekonanie==>/prijimaciekonanie/podmienky-prijatia;1;5,083870;36,21212
/prijimaciekonanie==>/prijimaciekonanie/podmienky-prijatia, /prijimaciekonanie/podmienky-prijatia/178;1;4,211742;30,00000
/prijimaciekonanie, /prijimaciekonanie/podmienky-prijatia==>/prijimaciekonanie/podmienky-prijatia/178;1;4,211742;82,84519
/prijimaciekonanie==>/prijimaciekonanie/podmienky-prijatia/178;1;4,621976;32,92208
/prijimaciekonanie==>/prijimaciekonanie/prihlasovanie-sa-na-studium;1;1,871885;13,33333
/prijimaciekonanie==>/studium;1;1,485961;10,58442
/prijimaciekonanie/moznosti-vs-studia==>/prijimaciekonanie/moznosti-vs-studia/358;1;1,121308;17,88657
/prijimaciekonanie/moznosti-vs-studia==>/prijimaciekonanie/moznosti-vs-studia/369;1;1,689559;26,95104
/prijimaciekonanie/moznosti-vs-studia==>/prijimaciekonanie/moznosti-vs-studia/370;1;1,637900;26,12700
/prijimaciekonanie/podmienky-prijatia==>/prijimaciekonanie/moznosti-vs-studia;1;1,112192;14,74617
/prijimaciekonanie/podmienky-prijatia==>/prijimaciekonanie/podmienky-prijatia/178;1;6,004619;79,61322
/prijimaciekonanie/podmienky-prijatia/178==>/studium;1;1,005834;11,59370
/prijimaciekonanie/prihlasovanie-sa-na-studium==>/prijimaciekonanie/prihlasovanie-sa-na-studium/191-Pokyny-na-vyplnenie-a-odoslanie-elektronickej-prihlasky;1;1,118269;31,80640
/struktura-univerzity==>/struktura-univerzity/fakulta-prirodnych-vied;1;1,060532;13,34608
/struktura-univerzity==>/struktura-univerzity/fakulta-socialnych-vied-a-zdravotnictva;1;1,024067;12,88719
/struktura-univerzity==>/struktura-univerzity/filozoficka-fakulta;1;2,415826;30,40153
/struktura-univerzity==>/struktura-univerzity/pedagogicka-fakulta;1;1,321867;16,63480
/studium==>/o-univerzite;1;1,024067;8,04104
/studium==>/prijimaciekonanie;1;3,160326;24,81508
/studium==>/prijimaciekonanie/podmienky-prijatia;1;1,051416;8,25579
/studium==>/prijimaciekonanie/podmienky-prijatia/178;1;1,005834;7,89788
/studium==>/struktura-univerzity;1;2,020785;15,86733
/studium==>/studium;1;1,327945;10,42711
/studium==>/studium/119;1;1,060532;8,32737
/studium==>/studium/134;1;1,683481;13,21880
/studium==>/studium/135;1;1,063571;8,35123
/studium==>/studium/akreditovane-programy;1;4,260362;33,45264
/studium==>/studium/akreditovane-programy, /studium/119;1;1,057494;8,30351
/studium, /studium/akreditovane-programy==>/studium/119;1;1,057494;24,82168
/studium==>/studium/akreditovane-programy, /studium/134;1;1,640938;12,88475
/studium, /studium/akreditovane-programy==>/studium/134;1;1,640938;38,51641
/studium==>/studium/akreditovane-programy, /studium/135;1;1,063571;8,35123
/studium, /studium/akreditovane-programy==>/studium/135;1;1,063571;24,96434
/studium/akreditovane-programy==>/prijimaciekonanie;1;1,075726;18,81978
/studium/akreditovane-programy==>/studium/118;1;1,200316;20,99947
/studium/akreditovane-programy==>/studium/119;1;1,409991;24,66773
/studium/akreditovane-programy==>/studium/134;1;2,108910;36,89527
/studium/akreditovane-programy==>/studium/135;1;1,489000;26,04997
